model,dataset,Min,Max,Mean
ANN,Full,0.022492,0.042764,0.031006
SAR,FE,0.0277,0.0453,0.03414
ANN,Reduced,0.028205,0.042735,0.035207
SAR,Reduced,0.0308,0.0486,0.03672
GWR,Reduced,0.037145,0.057098,0.046388
ANN,FE,0.025643,258.53549,51.733573
